Nama,NIM,Fakultas,Email,WA
Angga,241730077,Sains,rizqyerlngga@gmail.com,+6282118648713
Muhammad Alif Farras Syakir,241730009,Sains dan Teknologi,c4rivideo@gmail.com,+6289638686564
Edo Kondologit,202501100,Teknik Elektro,edo.kondologit@email.com,+6281211110100
Deddy Mizwar,202501099,Ilmu Komputer,deddy.mizwar@email.com,+6281211110099
Christine Hakim,202501098,Sistem Informasi,christine.hakim@email.com,+6281211110098
Armand Maulana,202501097,Teknik Informatika,armand.maulana@email.com,+6281211110097
Zacky Zimah,202501096,Farmasi,zacky.zimah@email.com,+6281211110096
Yuni Shara,202501095,Kedokteran,yuni.shara@email.com,+6281211110095
Wulan Guritno,202501094,Teknik Sipil,wulan.guritno@email.com,+6281211110094
Vicky Nitinegoro,202501093,Desain Komunikasi Visual,vicky.nitinegoro@email.com,+6281211110093
Tora Sudiro,202501092,Psikologi,tora.sudiro@email.com,+6281211110092
Sophia Latjuba,202501091,Hukum,sophia.latjuba@email.com,+6281211110091
Rano Karno,202501090,Akuntansi,rano.karno@email.com,+6281211110090
Primus Yustisio,202501089,Manajemen,primus.yustisio@email.com,+6281211110089
Olga Syahputra,202501088,Teknik Elektro,olga.syahputra@email.com,+6281211110088
Nicholas Saputra,202501087,Ilmu Komputer,nicholas.saputra@email.com,+6281211110087
Maudy Ayunda,202501086,Sistem Informasi,maudy.ayunda@email.com,+6281211110086
Luna Maya,202501085,Teknik Informatika,luna.maya@email.com,+6281211110085
Krisdayanti,202501084,Farmasi,krisdayanti@email.com,+6281211110084
Jeremy Thomas,202501083,Kedokteran,jeremy.thomas@email.com,+6281211110083
Ira Wibowo,202501082,Teknik Sipil,ira.wibowo@email.com,+6281211110082
Harvey Malaihollo,202501081,Desain Komunikasi Visual,harvey.malaihollo@email.com,+6281211110081
Gita Gutawa,202501080,Psikologi,gita.gutawa@email.com,+6281211110080
Ferry Salim,202501079,Hukum,ferry.salim@email.com,+6281211110079
Eva Arnaz,202501078,Akuntansi,eva.arnaz@email.com,+6281211110078
Desta Mahendra,202501077,Manajemen,desta.mahendra@email.com,+6281211110077
Cindy Cenora,202501076,Teknik Elektro,cindy.cenora@email.com,+6281211110076
Bayu Skak,202501075,Ilmu Komputer,bayu.skak@email.com,+6281211110075
Adi Nugroho,202501074,Sistem Informasi,adi.nugroho@email.com,+6281211110074
Zaskia Mecca,202501073,Teknik Informatika,zaskia.mecca@email.com,+6281211110073
Yessy Gusman,202501072,Farmasi,yessy.gusman@email.com,+6281211110072
Widyawati,202501071,Kedokteran,widyawati@email.com,+6281211110071
Vincent Rompies,202501070,Teknik Sipil,vincent.rompies@email.com,+6281211110070
Ussy Sulistiawaty,202501069,Desain Komunikasi Visual,ussy.sulistiawaty@email.com,+6281211110069
Titi Kamal,202501068,Psikologi,titi.kamal@email.com,+6281211110068
Surya Saputra,202501067,Hukum,surya.saputra@email.com,+6281211110067
Rossa Amelia,202501066,Akuntansi,rossa.amelia@email.com,+6281211110066
Pasha Ungu,202501065,Manajemen,pasha.ungu@email.com,+6281211110065
Oppie Andaresta,202501064,Teknik Elektro,oppie.andaresta@email.com,+6281211110064
Nina Wang,202501063,Ilmu Komputer,nina.wang@email.com,+6281211110063
Mandra Yusuf,202501062,Sistem Informasi,mandra.yusuf@email.com,+6281211110062
Lulu Tobing,202501061,Teknik Informatika,lulu.tobing@email.com,+6281211110061
Kiki Fatmala,202501060,Farmasi,kiki.fatmala@email.com,+6281211110060
Jamal Mirdad,202501059,Kedokteran,jamal.mirdad@email.com,+6281211110059
Intan Permata,202501058,Teknik Sipil,intan.permata@email.com,+6281211110058
Heru Purnomo,202501057,Desain Komunikasi Visual,heru.purnomo@email.com,+6281211110057
Gilang Dirga,202501056,Psikologi,gilang.dirga@email.com,+6281211110056
Farah Quinn,202501055,Hukum,farah.quinn@email.com,+6281211110055
Endang Sukamti,202501054,Akuntansi,endang.sukamti@email.com,+6281211110054
Dodo Rozak,202501053,Manajemen,dodo.rozak@email.com,+6281211110053
Cici Paramida,202501052,Teknik Elektro,cici.paramida@email.com,+6281211110052
Bambang Pamungkas,202501051,Ilmu Komputer,bambang.pamungkas@email.com,+6281211110051
Anisa Rahma,202501050,Sistem Informasi,anisa.rahma@email.com,+6281211110050
Zulaikha,202501049,Teknik Informatika,zulaikha@email.com,+6281211110049
Yanto Basna,202501048,Farmasi,yanto.basna@email.com,+6281211110048
Xavier Laksana,202501047,Kedokteran,xavier.laksana@email.com,+6281211110047
Wawan Gunawan,202501046,Teknik Sipil,wawan.gunawan@email.com,+6281211110046
Vira Yuniar,202501045,Desain Komunikasi Visual,vira.yuniar@email.com,+6281211110045
Umar Bakri,202501044,Psikologi,umar.bakri@email.com,+6281211110044
Toni Stark,202501043,Hukum,toni.stark@email.com,+6281211110043
Sari Puspita,202501042,Akuntansi,sari.puspita@email.com,+6281211110042
Rangga Aditya,202501041,Manajemen,rangga.aditya@email.com,+6281211110041
Queen Latifah,202501040,Teknik Elektro,queen.latifah@email.com,+6281211110040
Pandu Wijaya,202501039,Ilmu Komputer,pandu.wijaya@email.com,+6281211110039
Oscar Maulana,202501038,Sistem Informasi,oscar.maulana@email.com,+6281211110038
Nanda Putra,202501037,Teknik Informatika,nanda.putra@email.com,+6281211110037
Mega Lestari,202501036,Farmasi,mega.lestari@email.com,+6281211110036
Lia Kartika,202501035,Kedokteran,lia.kartika@email.com,+6281211110035
Kevin Sanjaya,202501034,Teknik Sipil,kevin.sanjaya@email.com,+6281211110034
Jasmine Melati,202501033,Desain Komunikasi Visual,jasmine.melati@email.com,+6281211110033
Ika Putri,202501032,Psikologi,ika.putri@email.com,+6281211110032
Hadi Prabowo,202501031,Hukum,hadi.prabowo@email.com,+6281211110031
Grace Simanjuntak,202501030,Akuntansi,grace.simanjuntak@email.com,+6281211110030
Fajar Sidik,202501029,Manajemen,fajar.sidik@email.com,+6281211110029
Eka Kurniawan,202501028,Teknik Elektro,eka.kurniawan@email.com,+6281211110028
Dian Permata,202501027,Ilmu Komputer,dian.permata@email.com,+6281211110027
Cahyo Nugroho,202501026,Sistem Informasi,cahyo.nugroho@email.com,+6281211110026
Bella Swan,202501025,Teknik Informatika,bella.swan@email.com,+6281211110025
Agus Setiawan,202501024,Farmasi,agus.setiawan@email.com,+6281211110024
Zainal Abidin,202501023,Kedokteran,zainal.abidin@email.com,+6281211110023
Yulia Puspita,202501022,Teknik Sipil,yulia.puspita@email.com,+6281211110022
Wahyu Nugroho,202501021,Desain Komunikasi Visual,wahyu.nugroho@email.com,+6281211110021
Vino Bastian,202501020,Psikologi,vino.bastian@email.com,+6281211110020
Utari Dewi,202501019,Hukum,utari.dewi@email.com,+6281211110019
Tirta Sanjaya,202501018,Akuntansi,tirta.sanjaya@email.com,+6281211110018
Siti Aminah,202501017,Manajemen,siti.aminah@email.com,+6281211110017
Rahmat Hidayat,202501016,Teknik Elektro,rahmat.hidayat@email.com,+6281211110016
Putri Amelia,202501015,Ilmu Komputer,putri.amelia@email.com,+6281211110015
Novita Wulandari,202501014,Sistem Informasi,novita.wulandari@email.com,+6281211110014
Muhammad Rizky,202501013,Teknik Informatika,muhammad.rizky@email.com,+6281211110013
Lestari Putri,202501012,Farmasi,lestari.putri@email.com,+6281211110012
Kartika Sari,202501011,Kedokteran,kartika.sari@email.com,+6281211110011
Joko Susilo,202501010,Teknik Sipil,joko.susilo@email.com,+6281211110010
Indra Gunawan,202501009,Desain Komunikasi Visual,indra.gunawan@email.com,+6281211110009
Hesti Nuraini,202501008,Psikologi,hesti.nuraini@email.com,+6281211110008
Guntur Hidayat,202501007,Hukum,guntur.hidayat@email.com,+6281211110007
Fitriani Indah,202501006,Akuntansi,fitriani.indah@email.com,+6281211110006
Eko Prasetyo,202501005,Manajemen,eko.prasetyo@email.com,+6281211110005
Dewi Anggraini,202501004,Teknik Elektro,dewi.anggraini@email.com,+6281211110004
Citra Lestari,202501003,Ilmu Komputer,citra.lestari@email.com,+6281211110003
Budi Santoso,202501002,Sistem Informasi,budi.santoso@email.com,+6281211110002
Ahmad Wijaya,202501001,Teknik Informatika,ahmad.wijaya@email.com,+6281211110001
Ahmad Fahmirifa Fahrurozi,241730025,Sains dan Teknologi,ahmadfahmirifafahruroji@gmail.com,+62895353587649
